,Aziz,Mike,Hassan,Nizamul
Program,0.6177265395018438,0.7960287159206485,0.11801521878967547,0.5170660147200385
Science,0.5421087455707115,0.5891337536555907,0.7680756979117219,0.5949614487157155
Maths,0.8513718761346658,0.4547869780669066,0.7576228330984517,0.26942404793334385
Chemistry,0.8621252183588245,0.8921267462636988,0.6769939452431629,0.979753302980872
